[
  {
    "id": "1",
    "name": "Push-ups",
    "category": "bodyweight",
    "muscleGroups": [
      "chest",
      "triceps",
      "shoulders"
    ],
    "difficulty": "beginner",
    "instructions": "Start in plank position, lower body, push back up",
    "equipment": "none",
    "imageUrl": null,
    "createdAt": "2025-07-06T16:39:52.438Z",
    "updatedAt": "2025-07-06T16:39:52.439Z"
  },
  {
    "id": "2",
    "name": "Squats",
    "category": "bodyweight",
    "muscleGroups": [
      "legs",
      "glutes"
    ],
    "difficulty": "beginner",
    "instructions": "Stand with feet shoulder-width apart, lower hips, stand back up",
    "equipment": "none",
    "imageUrl": null,
    "createdAt": "2025-07-06T16:39:52.439Z",
    "updatedAt": "2025-07-06T16:39:52.439Z"
  },
  {
    "id": "3",
    "name": "Pull-ups",
    "category": "bodyweight",
    "muscleGroups": [
      "back",
      "biceps"
    ],
    "difficulty": "intermediate",
    "instructions": "Hang from bar, pull body up until chin over bar",
    "equipment": "pull-up bar",
    "imageUrl": null,
    "createdAt": "2025-07-06T16:39:52.439Z",
    "updatedAt": "2025-07-06T16:39:52.439Z"
  },
  {
    "id": "4",
    "name": "Bench Press",
    "category": "strength",
    "muscleGroups": [
      "chest",
      "triceps",
      "shoulders"
    ],
    "difficulty": "intermediate",
    "instructions": "Lie on bench, lower bar to chest, press up",
    "equipment": "barbell",
    "imageUrl": null,
    "createdAt": "2025-07-06T16:39:52.707Z",
    "updatedAt": "2025-07-06T16:39:52.707Z"
  },
  {
    "id": "5",
    "name": "Deadlift",
    "category": "strength",
    "muscleGroups": [
      "back",
      "legs",
      "glutes"
    ],
    "difficulty": "advanced",
    "instructions": "Stand with feet shoulder-width, grip bar, lift with straight back",
    "equipment": "barbell",
    "imageUrl": null,
    "createdAt": "2025-07-06T16:39:52.707Z",
    "updatedAt": "2025-07-06T16:39:52.707Z"
  },
  {
    "id": "6",
    "name": "Running",
    "category": "cardio",
    "muscleGroups": [
      "legs",
      "full-body"
    ],
    "difficulty": "beginner",
    "instructions": "Run at moderate pace for cardiovascular fitness",
    "equipment": "none",
    "imageUrl": null,
    "createdAt": "2025-07-06T16:39:52.707Z",
    "updatedAt": "2025-07-06T16:39:52.707Z"
  },
  {
    "id": "7",
    "name": "Plank",
    "category": "bodyweight",
    "muscleGroups": [
      "abs",
      "core"
    ],
    "difficulty": "beginner",
    "instructions": "Hold body in straight line from head to heels",
    "equipment": "none",
    "imageUrl": null,
    "createdAt": "2025-07-06T16:39:52.707Z",
    "updatedAt": "2025-07-06T16:39:52.707Z"
  },
  {
    "id": "8",
    "name": "Lunges",
    "category": "bodyweight",
    "muscleGroups": [
      "legs",
      "glutes"
    ],
    "difficulty": "beginner",
    "instructions": "Step forward, lower back knee, return to start",
    "equipment": "none",
    "imageUrl": null,
    "createdAt": "2025-07-06T16:39:52.707Z",
    "updatedAt": "2025-07-06T16:39:52.707Z"
  }
]